<system>
	<model level="0" name="Ecore" om="Ecore">
		<elts>
			<node id="oid(0,1)" name="id(0,EClass)" type="id(0,EClass)" >
			</node>
		</elts>
		<rels>
			<relation id="oid(0,2)" name="id(0,EReference)" type="id(0,EReference)" source="id(0,EClass)" target="id(0,EClass)" min-mult="0" max-mult="*"></relation>
		</rels>
	</model>
	<model level="1" name="process" om="Ecore">
		<elts>
			<node id="oid(1,1)" name="id(1,Task)" type="id(0,EClass)" >
				<attributes>
					<attribute id="oid(1,2)" nameOrValue="id(1,isCritical)" type="id(1,Boolean)" ></attribute>
					<attribute id="oid(1,3)" nameOrValue="id(1,endDate)" type="id(1,String)" ></attribute>
					<attribute id="oid(1,4)" nameOrValue="id(1,expectedDuration)" type="id(1,Integer)" ></attribute>
					<attribute id="oid(1,5)" nameOrValue="id(1,beginDate)" type="id(1,String)" ></attribute>
				</attributes>
			</node>
			<node id="oid(1,6)" name="id(1,AndSplit)" type="id(0,EClass)" >
				<attributes>
					<attribute id="oid(1,7)" nameOrValue="26-Apr-21" type="id(1,lastUpdated)" ></attribute>
				</attributes>
			</node>
			<node id="oid(1,8)" name="id(1,Sequence)" type="id(0,EClass)" >
				<attributes>
					<attribute id="oid(1,9)" nameOrValue="26-Apr-21" type="id(1,lastUpdated)" ></attribute>
				</attributes>
			</node>
			<node id="oid(1,10)" name="id(1,Gateway)" type="id(0,EClass)" >
			</node>
			<node id="oid(1,11)" name="id(1,Role)" type="id(0,EClass)" >
				<attributes>
					<attribute id="oid(1,12)" nameOrValue="26-Apr-21" type="id(1,lastUpdated)" ></attribute>
				</attributes>
			</node>
			<node id="oid(1,13)" name="id(1,FinalTask)" type="id(0,EClass)" >
				<attributes>
					<attribute id="oid(1,14)" nameOrValue="id(1,isCritical)" type="id(1,Boolean)" ></attribute>
					<attribute id="oid(1,15)" nameOrValue="id(1,endDate)" type="id(1,String)" ></attribute>
					<attribute id="oid(1,16)" nameOrValue="id(1,expectedDuration)" type="id(1,Integer)" ></attribute>
					<attribute id="oid(1,17)" nameOrValue="id(1,beginDate)" type="id(1,String)" ></attribute>
					<attribute id="oid(1,18)" nameOrValue="26-Apr-21" type="id(1,lastUpdated)" ></attribute>
				</attributes>
			</node>
			<node id="oid(1,19)" name="id(1,InitialTask)" type="id(0,EClass)" >
				<attributes>
					<attribute id="oid(1,20)" nameOrValue="id(1,isCritical)" type="id(1,Boolean)" ></attribute>
					<attribute id="oid(1,21)" nameOrValue="id(1,endDate)" type="id(1,String)" ></attribute>
					<attribute id="oid(1,22)" nameOrValue="id(1,expectedDuration)" type="id(1,Integer)" ></attribute>
					<attribute id="oid(1,23)" nameOrValue="id(1,beginDate)" type="id(1,String)" ></attribute>
					<attribute id="oid(1,24)" nameOrValue="26-Apr-21" type="id(1,lastUpdated)" ></attribute>
				</attributes>
			</node>
			<node id="oid(1,25)" name="id(1,Actor)" type="id(0,EClass)" >
				<attributes>
					<attribute id="oid(1,26)" nameOrValue="26-Apr-21" type="id(1,lastUpdated)" ></attribute>
				</attributes>
			</node>
			<node id="oid(1,27)" name="id(1,CombinedRole)" type="id(0,EClass)" >
				<attributes>
					<attribute id="oid(1,28)" nameOrValue="26-Apr-21" type="id(1,lastUpdated)" ></attribute>
				</attributes>
			</node>
			<node id="oid(1,29)" name="id(1,Artifact)" type="id(0,EClass)" >
				<attributes>
					<attribute id="oid(1,30)" nameOrValue="26-Apr-21" type="id(1,lastUpdated)" ></attribute>
				</attributes>
			</node>
			<node id="oid(1,31)" name="id(1,AbstractRole)" type="id(0,EClass)" >
			</node>
			<node id="oid(1,32)" name="id(1,AndJoin)" type="id(0,EClass)" >
				<attributes>
					<attribute id="oid(1,33)" nameOrValue="26-Apr-21" type="id(1,lastUpdated)" ></attribute>
				</attributes>
			</node>
			<node id="oid(1,34)" name="id(1,Process)" type="id(0,EClass)" >
				<attributes>
					<attribute id="oid(1,35)" nameOrValue="26-Apr-21" type="id(1,lastUpdated)" ></attribute>
				</attributes>
			</node>
			<node id="oid(1,36)" name="id(1,OrJoin)" type="id(0,EClass)" >
				<attributes>
					<attribute id="oid(1,37)" nameOrValue="26-Apr-21" type="id(1,lastUpdated)" ></attribute>
				</attributes>
			</node>
			<node id="oid(1,38)" name="id(1,SeniorRole)" type="id(0,EClass)" >
			</node>
			<node id="oid(1,39)" name="id(1,OrSplit)" type="id(0,EClass)" >
				<attributes>
					<attribute id="oid(1,40)" nameOrValue="26-Apr-21" type="id(1,lastUpdated)" ></attribute>
				</attributes>
			</node>
		</elts>
		<rels>
			<relation id="oid(1,41)" name="id(1,hasRole)" type="id(0,EReference)" source="id(1,Actor)" target="id(1,AbstractRole)" min-mult="0" max-mult="*"></relation>
			<relation id="oid(1,42)" name="id(1,creates)" type="id(0,EReference)" source="id(1,Actor)" target="id(1,Task)" min-mult="0" max-mult="*"></relation>
			<relation id="oid(1,43)" name="id(1,initialTask)" type="id(0,EReference)" source="id(1,Process)" target="id(1,InitialTask)" min-mult="1" max-mult="1"></relation>
			<relation id="oid(1,44)" name="id(1,includes)" type="id(0,EReference)" source="id(1,CombinedRole)" target="id(1,AbstractRole)" min-mult="2" max-mult="*"></relation>
			<relation id="oid(1,45)" name="id(1,produces)" type="id(0,EReference)" source="id(1,Task)" target="id(1,Artifact)" min-mult="0" max-mult="*"></relation>
			<relation id="oid(1,46)" name="id(1,uses)" type="id(0,EReference)" source="id(1,Task)" target="id(1,Artifact)" min-mult="0" max-mult="*"></relation>
			<relation id="oid(1,47)" name="id(1,source)" type="id(0,EReference)" source="id(1,Gateway)" target="id(1,Task)" min-mult="1" max-mult="*"></relation>
			<relation id="oid(1,48)" name="id(1,performs)" type="id(0,EReference)" source="id(1,Actor)" target="id(1,Task)" min-mult="0" max-mult="*"></relation>
			<relation id="oid(1,49)" name="id(1,target)" type="id(0,EReference)" source="id(1,Gateway)" target="id(1,Task)" min-mult="1" max-mult="*"></relation>
			<relation id="oid(1,50)" name="id(1,executes)" type="id(0,EReference)" source="id(1,AbstractRole)" target="id(1,Task)" min-mult="0" max-mult="*"></relation>
			<relation id="oid(1,51)" name="id(1,finalTask)" type="id(0,EReference)" source="id(1,Process)" target="id(1,FinalTask)" min-mult="1" max-mult="*"></relation>
			<relation id="oid(1,52)" name="id(1,contains)" type="id(0,EReference)" source="id(1,Process)" target="id(1,Task)" min-mult="0" max-mult="*"></relation>
		</rels>
	</model>
	<model level="2" name="software-engineering-process" om="process">
		<elts>
			<node id="oid(2,1)" name="id(2,SEActor)" type="id(1,Actor)" >
				<attributes>
					<attribute id="oid(2,2)" nameOrValue="26-Apr-21" type="id(1,lastUpdated)" ></attribute>
				</attributes>
			</node>
			<node id="oid(2,3)" name="id(2,SEArtifact)" type="id(1,Artifact)" >
				<attributes>
					<attribute id="oid(2,4)" nameOrValue="id(2,versionNumber)" type="id(2,String)" ></attribute>
					<attribute id="oid(2,5)" nameOrValue="26-Apr-21" type="id(1,lastUpdated)" ></attribute>
				</attributes>
			</node>
		</elts>
		<rels>
			<relation id="oid(2,6)" name="id(2,responsibleActor)" type="id(0,EReference)" source="id(2,SEArtifact)" target="id(2,SEActor)" min-mult="1" max-mult="1"></relation>
		</rels>
	</model>
	<model level="3" name="acme-software-engineering-process" om="software-engineering-process">
		<elts>
			<node id="oid(3,1)" name="id(3,Developer)" type="id(1,Role)" >
			</node>
			<node id="oid(3,2)" name="id(3,AcmeProcess)" type="id(1,Process)" >
				<attributes>
					<attribute id="oid(3,3)" nameOrValue="26-Apr-21" type="id(1,lastUpdated)" ></attribute>
				</attributes>
			</node>
			<node id="oid(3,4)" name="id(3,Design)" type="id(1,Task)" >
			</node>
			<node id="oid(3,5)" name="id(3,FinalTask)" type="id(1,FinalTask)" >
			</node>
			<node id="oid(3,6)" name="id(3,Coding)" type="id(1,Task)" >
			</node>
			<node id="oid(3,7)" name="id(3,Sequence3)" type="id(1,Sequence)" >
			</node>
			<node id="oid(3,8)" name="id(3,RequirementsAnalysis)" type="id(1,Task)" >
			</node>
			<node id="oid(3,9)" name="id(3,Sequence1)" type="id(1,Sequence)" >
			</node>
			<node id="oid(3,10)" name="id(3,TestDesignReview)" type="id(1,Task)" >
			</node>
			<node id="oid(3,11)" name="id(3,TestCase)" type="id(2,SEArtifact)" >
			</node>
			<node id="oid(3,12)" name="id(3,InitialTask)" type="id(1,InitialTask)" >
			</node>
			<node id="oid(3,13)" name="id(3,BobBrown)" type="id(2,SEActor)" >
			</node>
			<node id="oid(3,14)" name="id(3,RequirementsSpecification)" type="id(2,SEArtifact)" >
			</node>
			<node id="oid(3,15)" name="id(3,Testing)" type="id(1,Task)" >
				<attributes>
					<attribute id="oid(3,16)" nameOrValue="9" type="id(1,expectedDuration)" ></attribute>
				</attributes>
			</node>
			<node id="oid(3,17)" name="id(3,AndJoin1)" type="id(1,AndJoin)" >
			</node>
			<node id="oid(3,18)" name="id(3,Code)" type="id(2,SEArtifact)" >
			</node>
			<node id="oid(3,19)" name="id(3,TestReport)" type="id(2,SEArtifact)" >
			</node>
			<node id="oid(3,20)" name="id(3,SeniorAnalyst)" type="id(1,SeniorRole)" >
			</node>
			<node id="oid(3,21)" name="id(3,Sequence4)" type="id(1,Sequence)" >
			</node>
			<node id="oid(3,22)" name="id(3,Sequence2)" type="id(1,Sequence)" >
			</node>
			<node id="oid(3,23)" name="id(3,Tester)" type="id(1,Role)" >
			</node>
			<node id="oid(3,24)" name="id(3,AndSplit1)" type="id(1,AndSplit)" >
			</node>
			<node id="oid(3,25)" name="id(3,TestCaseDesign)" type="id(1,Task)" >
				<attributes>
					<attribute id="oid(3,26)" nameOrValue="true" type="id(1,isCritical)" ></attribute>
				</attributes>
			</node>
			<node id="oid(3,27)" name="id(3,ProgrammingLanguage)" type="id(2,SEArtifact)" >
			</node>
			<node id="oid(3,28)" name="id(3,Analyst)" type="id(1,Role)" >
			</node>
		</elts>
		<rels>
			<relation id="oid(3,29)" name="id(3,andjoin1_s1)" type="id(1,source)" source="id(3,AndJoin1)" target="id(3,Coding)" min-mult="0" max-mult="*"></relation>
			<relation id="oid(3,30)" name="id(3,acmeprocess_contains5)" type="id(1,contains)" source="id(3,AcmeProcess)" target="id(3,Coding)" min-mult="0" max-mult="*"></relation>
			<relation id="oid(3,31)" name="id(3,isTested)" type="id(0,EReference)" source="id(3,Code)" target="id(3,TestReport)" min-mult="0" max-mult="*"></relation>
			<relation id="oid(3,32)" name="id(3,coding_produces)" type="id(1,produces)" source="id(3,Coding)" target="id(3,Code)" min-mult="0" max-mult="*"></relation>
			<relation id="oid(3,33)" name="id(3,reqanalysis_produces)" type="id(1,produces)" source="id(3,RequirementsAnalysis)" target="id(3,RequirementsSpecification)" min-mult="0" max-mult="*"></relation>
			<relation id="oid(3,34)" name="id(3,bobbrown_creates5)" type="id(1,creates)" source="id(3,BobBrown)" target="id(3,Design)" min-mult="0" max-mult="*"></relation>
			<relation id="oid(3,35)" name="id(3,sequence2_s)" type="id(1,source)" source="id(3,Sequence2)" target="id(3,Design)" min-mult="0" max-mult="*"></relation>
			<relation id="oid(3,36)" name="id(3,sequence4_s)" type="id(1,source)" source="id(3,Sequence4)" target="id(3,Testing)" min-mult="0" max-mult="*"></relation>
			<relation id="oid(3,37)" name="id(3,analyst_executes)" type="id(1,executes)" source="id(3,Analyst)" target="id(3,RequirementsAnalysis)" min-mult="0" max-mult="*"></relation>
			<relation id="oid(3,38)" name="id(3,andjoin1_t)" type="id(1,target)" source="id(3,AndJoin1)" target="id(3,Testing)" min-mult="0" max-mult="*"></relation>
			<relation id="oid(3,39)" name="id(3,acmeprocess_contains6)" type="id(1,contains)" source="id(3,AcmeProcess)" target="id(3,Testing)" min-mult="0" max-mult="*"></relation>
			<relation id="oid(3,40)" name="id(3,bobbrown_creates4)" type="id(1,creates)" source="id(3,BobBrown)" target="id(3,TestDesignReview)" min-mult="0" max-mult="*"></relation>
			<relation id="oid(3,41)" name="id(3,sequence4_t)" type="id(1,target)" source="id(3,Sequence4)" target="id(3,FinalTask)" min-mult="0" max-mult="*"></relation>
			<relation id="oid(3,42)" name="id(3,sequence1_s)" type="id(1,source)" source="id(3,Sequence1)" target="id(3,InitialTask)" min-mult="0" max-mult="*"></relation>
			<relation id="oid(3,43)" name="id(3,andsplit1_s)" type="id(1,source)" source="id(3,AndSplit1)" target="id(3,RequirementsAnalysis)" min-mult="0" max-mult="*"></relation>
			<relation id="oid(3,44)" name="id(3,bobbrown_hasrole1)" type="id(1,hasRole)" source="id(3,BobBrown)" target="id(3,Analyst)" min-mult="0" max-mult="*"></relation>
			<relation id="oid(3,45)" name="id(3,developer_executes)" type="id(1,executes)" source="id(3,Developer)" target="id(3,Coding)" min-mult="0" max-mult="*"></relation>
			<relation id="oid(3,46)" name="id(3,sequence3_s)" type="id(1,source)" source="id(3,Sequence3)" target="id(3,TestCaseDesign)" min-mult="0" max-mult="*"></relation>
			<relation id="oid(3,47)" name="id(3,bobbrown_creates3)" type="id(1,creates)" source="id(3,BobBrown)" target="id(3,TestCaseDesign)" min-mult="0" max-mult="*"></relation>
			<relation id="oid(3,48)" name="id(3,sequence1_t)" type="id(1,target)" source="id(3,Sequence1)" target="id(3,RequirementsAnalysis)" min-mult="0" max-mult="*"></relation>
			<relation id="oid(3,49)" name="id(3,bobbrown_creates8)" type="id(1,creates)" source="id(3,BobBrown)" target="id(3,FinalTask)" min-mult="0" max-mult="*"></relation>
			<relation id="oid(3,50)" name="id(3,bobbrown_creates7)" type="id(1,creates)" source="id(3,BobBrown)" target="id(3,Testing)" min-mult="0" max-mult="*"></relation>
			<relation id="oid(3,51)" name="id(3,senioranalyst_executes)" type="id(1,executes)" source="id(3,SeniorAnalyst)" target="id(3,TestCaseDesign)" min-mult="0" max-mult="*"></relation>
			<relation id="oid(3,52)" name="id(3,acmeprocess_initialtask)" type="id(1,initialTask)" source="id(3,AcmeProcess)" target="id(3,InitialTask)" min-mult="0" max-mult="*"></relation>
			<relation id="oid(3,53)" name="id(3,bobbrown_creates1)" type="id(1,creates)" source="id(3,BobBrown)" target="id(3,InitialTask)" min-mult="0" max-mult="*"></relation>
			<relation id="oid(3,54)" name="id(3,testcasedesign_produces)" type="id(1,produces)" source="id(3,TestCaseDesign)" target="id(3,TestCase)" min-mult="0" max-mult="*"></relation>
			<relation id="oid(3,55)" name="id(3,acmeprocess_contains4)" type="id(1,contains)" source="id(3,AcmeProcess)" target="id(3,Design)" min-mult="0" max-mult="*"></relation>
			<relation id="oid(3,56)" name="id(3,acmeprocess_finaltask)" type="id(1,finalTask)" source="id(3,AcmeProcess)" target="id(3,FinalTask)" min-mult="0" max-mult="*"></relation>
			<relation id="oid(3,57)" name="id(3,sequence2_t)" type="id(1,target)" source="id(3,Sequence2)" target="id(3,Coding)" min-mult="0" max-mult="*"></relation>
			<relation id="oid(3,58)" name="id(3,tester_executes)" type="id(1,executes)" source="id(3,Tester)" target="id(3,Testing)" min-mult="0" max-mult="*"></relation>
			<relation id="oid(3,59)" name="id(3,andjoin1_s2)" type="id(1,source)" source="id(3,AndJoin1)" target="id(3,TestDesignReview)" min-mult="0" max-mult="*"></relation>
			<relation id="oid(3,60)" name="id(3,bobbrown_hasrole2)" type="id(1,hasRole)" source="id(3,BobBrown)" target="id(3,Tester)" min-mult="0" max-mult="*"></relation>
			<relation id="oid(3,61)" name="id(3,written)" type="id(0,EReference)" source="id(3,Code)" target="id(3,ProgrammingLanguage)" min-mult="1" max-mult="*"></relation>
			<relation id="oid(3,62)" name="id(3,bobbrown_creates2)" type="id(1,creates)" source="id(3,BobBrown)" target="id(3,RequirementsAnalysis)" min-mult="0" max-mult="*"></relation>
			<relation id="oid(3,63)" name="id(3,testing_produces)" type="id(1,produces)" source="id(3,Testing)" target="id(3,TestReport)" min-mult="0" max-mult="*"></relation>
			<relation id="oid(3,64)" name="id(3,sequence3_t)" type="id(1,target)" source="id(3,Sequence3)" target="id(3,TestDesignReview)" min-mult="0" max-mult="*"></relation>
			<relation id="oid(3,65)" name="id(3,acmeprocess_contains2)" type="id(1,contains)" source="id(3,AcmeProcess)" target="id(3,TestCaseDesign)" min-mult="0" max-mult="*"></relation>
			<relation id="oid(3,66)" name="id(3,acmeprocess_contains3)" type="id(1,contains)" source="id(3,AcmeProcess)" target="id(3,TestDesignReview)" min-mult="0" max-mult="*"></relation>
			<relation id="oid(3,67)" name="id(3,bobbrown_creates6)" type="id(1,creates)" source="id(3,BobBrown)" target="id(3,Coding)" min-mult="0" max-mult="*"></relation>
			<relation id="oid(3,68)" name="id(3,coding_uses)" type="id(1,uses)" source="id(3,Coding)" target="id(3,ProgrammingLanguage)" min-mult="1" max-mult="*"></relation>
			<relation id="oid(3,69)" name="id(3,andsplit1_t2)" type="id(1,target)" source="id(3,AndSplit1)" target="id(3,TestCaseDesign)" min-mult="0" max-mult="*"></relation>
			<relation id="oid(3,70)" name="id(3,andsplit1_t1)" type="id(1,target)" source="id(3,AndSplit1)" target="id(3,Design)" min-mult="0" max-mult="*"></relation>
			<relation id="oid(3,71)" name="id(3,acmeprocess_contains1)" type="id(1,contains)" source="id(3,AcmeProcess)" target="id(3,RequirementsAnalysis)" min-mult="0" max-mult="*"></relation>
		</rels>
	</model>
	<model level="4" name="acme-execution-step1" om="acme-software-engineering-process">
		<elts>
			<node id="oid(4,101)" name="id(4,101)" type="id(3,RequirementsAnalysis)" >
			</node>
		</elts>
		<rels>
		</rels>
	</model>
	<counter id="counter" value="102" ></counter>
</system>