<system>
	<model level="0" name="Ecore" om="Ecore">
		<elts>
			<node id="oid(0,1)" name="id(0,EClass)" type="id(0,EClass)" >
			</node>
		</elts>
		<rels>
			<relation id="oid(0,2)" name="id(0,EReference)" type="id(0,EReference)" source="id(0,EClass)" target="id(0,EClass)" min-mult="0" max-mult="*"></relation>
		</rels>
	</model>
	<model level="1" name="process" om="Ecore">
		<elts>
			<node id="oid(1,1)" name="id(1,Task)" type="id(0,EClass)" >
				<attributes>
					<attribute id="oid(1,2)" nameOrValue="id(1,endDate)" type="id(1,String)" ></attribute>
					<attribute id="oid(1,3)" nameOrValue="id(1,beginDate)" type="id(1,String)" ></attribute>
					<attribute id="oid(1,4)" nameOrValue="id(1,isCritical)" type="id(1,Boolean)" ></attribute>
					<attribute id="oid(1,5)" nameOrValue="id(1,expectedDuration)" type="id(1,Integer)" ></attribute>
				</attributes>
			</node>
			<node id="oid(1,6)" name="id(1,AndSplit)" type="id(0,EClass)" >
				<attributes>
					<attribute id="oid(1,7)" nameOrValue="26-Apr-21" type="id(1,lastUpdated)" ></attribute>
				</attributes>
			</node>
			<node id="oid(1,8)" name="id(1,Sequence)" type="id(0,EClass)" >
				<attributes>
					<attribute id="oid(1,9)" nameOrValue="26-Apr-21" type="id(1,lastUpdated)" ></attribute>
				</attributes>
			</node>
			<node id="oid(1,10)" name="id(1,Gateway)" type="id(0,EClass)" >
			</node>
			<node id="oid(1,11)" name="id(1,Role)" type="id(0,EClass)" >
				<attributes>
					<attribute id="oid(1,12)" nameOrValue="26-Apr-21" type="id(1,lastUpdated)" ></attribute>
				</attributes>
			</node>
			<node id="oid(1,13)" name="id(1,FinalTask)" type="id(0,EClass)" >
				<attributes>
					<attribute id="oid(1,14)" nameOrValue="id(1,endDate)" type="id(1,String)" ></attribute>
					<attribute id="oid(1,15)" nameOrValue="id(1,beginDate)" type="id(1,String)" ></attribute>
					<attribute id="oid(1,16)" nameOrValue="id(1,isCritical)" type="id(1,Boolean)" ></attribute>
					<attribute id="oid(1,17)" nameOrValue="id(1,expectedDuration)" type="id(1,Integer)" ></attribute>
					<attribute id="oid(1,18)" nameOrValue="26-Apr-21" type="id(1,lastUpdated)" ></attribute>
				</attributes>
			</node>
			<node id="oid(1,19)" name="id(1,InitialTask)" type="id(0,EClass)" >
				<attributes>
					<attribute id="oid(1,20)" nameOrValue="id(1,endDate)" type="id(1,String)" ></attribute>
					<attribute id="oid(1,21)" nameOrValue="id(1,beginDate)" type="id(1,String)" ></attribute>
					<attribute id="oid(1,22)" nameOrValue="id(1,isCritical)" type="id(1,Boolean)" ></attribute>
					<attribute id="oid(1,23)" nameOrValue="id(1,expectedDuration)" type="id(1,Integer)" ></attribute>
					<attribute id="oid(1,24)" nameOrValue="26-Apr-21" type="id(1,lastUpdated)" ></attribute>
				</attributes>
			</node>
			<node id="oid(1,25)" name="id(1,Actor)" type="id(0,EClass)" >
				<attributes>
					<attribute id="oid(1,26)" nameOrValue="26-Apr-21" type="id(1,lastUpdated)" ></attribute>
				</attributes>
			</node>
			<node id="oid(1,27)" name="id(1,CombinedRole)" type="id(0,EClass)" >
				<attributes>
					<attribute id="oid(1,28)" nameOrValue="26-Apr-21" type="id(1,lastUpdated)" ></attribute>
				</attributes>
			</node>
			<node id="oid(1,29)" name="id(1,Artifact)" type="id(0,EClass)" >
				<attributes>
					<attribute id="oid(1,30)" nameOrValue="26-Apr-21" type="id(1,lastUpdated)" ></attribute>
				</attributes>
			</node>
			<node id="oid(1,31)" name="id(1,AbstractRole)" type="id(0,EClass)" >
			</node>
			<node id="oid(1,32)" name="id(1,AndJoin)" type="id(0,EClass)" >
				<attributes>
					<attribute id="oid(1,33)" nameOrValue="26-Apr-21" type="id(1,lastUpdated)" ></attribute>
				</attributes>
			</node>
			<node id="oid(1,34)" name="id(1,Process)" type="id(0,EClass)" >
				<attributes>
					<attribute id="oid(1,35)" nameOrValue="26-Apr-21" type="id(1,lastUpdated)" ></attribute>
				</attributes>
			</node>
			<node id="oid(1,36)" name="id(1,OrJoin)" type="id(0,EClass)" >
				<attributes>
					<attribute id="oid(1,37)" nameOrValue="26-Apr-21" type="id(1,lastUpdated)" ></attribute>
				</attributes>
			</node>
			<node id="oid(1,38)" name="id(1,SeniorRole)" type="id(0,EClass)" >
			</node>
			<node id="oid(1,39)" name="id(1,OrSplit)" type="id(0,EClass)" >
				<attributes>
					<attribute id="oid(1,40)" nameOrValue="26-Apr-21" type="id(1,lastUpdated)" ></attribute>
				</attributes>
			</node>
		</elts>
		<rels>
			<relation id="oid(1,41)" name="id(1,hasRole)" type="id(0,EReference)" source="id(1,Actor)" target="id(1,AbstractRole)" min-mult="0" max-mult="*"></relation>
			<relation id="oid(1,42)" name="id(1,creates)" type="id(0,EReference)" source="id(1,Actor)" target="id(1,Task)" min-mult="0" max-mult="*"></relation>
			<relation id="oid(1,43)" name="id(1,initialTask)" type="id(0,EReference)" source="id(1,Process)" target="id(1,InitialTask)" min-mult="1" max-mult="1"></relation>
			<relation id="oid(1,44)" name="id(1,includes)" type="id(0,EReference)" source="id(1,CombinedRole)" target="id(1,AbstractRole)" min-mult="2" max-mult="*"></relation>
			<relation id="oid(1,45)" name="id(1,produces)" type="id(0,EReference)" source="id(1,Task)" target="id(1,Artifact)" min-mult="0" max-mult="*"></relation>
			<relation id="oid(1,46)" name="id(1,uses)" type="id(0,EReference)" source="id(1,Task)" target="id(1,Artifact)" min-mult="0" max-mult="*"></relation>
			<relation id="oid(1,47)" name="id(1,source)" type="id(0,EReference)" source="id(1,Gateway)" target="id(1,Task)" min-mult="1" max-mult="*"></relation>
			<relation id="oid(1,48)" name="id(1,performs)" type="id(0,EReference)" source="id(1,Actor)" target="id(1,Task)" min-mult="0" max-mult="*"></relation>
			<relation id="oid(1,49)" name="id(1,target)" type="id(0,EReference)" source="id(1,Gateway)" target="id(1,Task)" min-mult="1" max-mult="*"></relation>
			<relation id="oid(1,50)" name="id(1,executes)" type="id(0,EReference)" source="id(1,AbstractRole)" target="id(1,Task)" min-mult="0" max-mult="*"></relation>
			<relation id="oid(1,51)" name="id(1,finalTask)" type="id(0,EReference)" source="id(1,Process)" target="id(1,FinalTask)" min-mult="1" max-mult="*"></relation>
			<relation id="oid(1,52)" name="id(1,contains)" type="id(0,EReference)" source="id(1,Process)" target="id(1,Task)" min-mult="0" max-mult="*"></relation>
		</rels>
	</model>
	<model level="2" name="xsure-insurance-process" om="process">
		<elts>
			<node id="oid(2,1)" name="id(2,Claim)" type="id(1,Artifact)" >
			</node>
			<node id="oid(2,2)" name="id(2,InitialTask)" type="id(1,InitialTask)" >
			</node>
			<node id="oid(2,3)" name="id(2,PayPremium)" type="id(1,Task)" >
			</node>
			<node id="oid(2,4)" name="id(2,BenBoss)" type="id(1,Actor)" >
			</node>
			<node id="oid(2,5)" name="id(2,FinalTask)" type="id(1,FinalTask)" >
			</node>
			<node id="oid(2,6)" name="id(2,ClaimHandling)" type="id(1,Process)" >
			</node>
			<node id="oid(2,7)" name="id(2,SeniorManager)" type="id(1,SeniorRole)" >
			</node>
			<node id="oid(2,8)" name="id(2,Sequence5)" type="id(1,Sequence)" >
			</node>
			<node id="oid(2,9)" name="id(2,ClaimPaymentDecision)" type="id(1,Artifact)" >
			</node>
			<node id="oid(2,10)" name="id(2,AuthorizePayment)" type="id(1,Task)" >
			</node>
			<node id="oid(2,11)" name="id(2,AssesClaim)" type="id(1,Task)" >
			</node>
			<node id="oid(2,12)" name="id(2,Sequence3)" type="id(1,Sequence)" >
			</node>
			<node id="oid(2,13)" name="id(2,Sequence4)" type="id(1,Sequence)" >
			</node>
			<node id="oid(2,14)" name="id(2,Sequence1)" type="id(1,Sequence)" >
			</node>
			<node id="oid(2,15)" name="id(2,Sequence2)" type="id(1,Sequence)" >
			</node>
			<node id="oid(2,16)" name="id(2,ProjectLeader)" type="id(1,Role)" >
			</node>
			<node id="oid(2,17)" name="id(2,ReceiveClaim)" type="id(1,Task)" >
			</node>
			<node id="oid(2,18)" name="id(2,ClaimHandlingManager)" type="id(1,Role)" >
			</node>
			<node id="oid(2,19)" name="id(2,FinancialOfficer)" type="id(1,Role)" >
			</node>
			<node id="oid(2,20)" name="id(2,ClaimAssessor)" type="id(1,Role)" >
			</node>
		</elts>
		<rels>
			<relation id="oid(2,21)" name="id(2,claimhandling_initialtask)" type="id(1,initialTask)" source="id(2,ClaimHandling)" target="id(2,InitialTask)" min-mult="0" max-mult="*"></relation>
			<relation id="oid(2,22)" name="id(2,assessclaim_produces)" type="id(1,produces)" source="id(2,AssesClaim)" target="id(2,ClaimPaymentDecision)" min-mult="0" max-mult="*"></relation>
			<relation id="oid(2,23)" name="id(2,benboss_creates)" type="id(1,creates)" source="id(2,BenBoss)" target="id(2,AssesClaim)" min-mult="0" max-mult="*"></relation>
			<relation id="oid(2,24)" name="id(2,fofficer_executes)" type="id(1,executes)" source="id(2,FinancialOfficer)" target="id(2,AuthorizePayment)" min-mult="0" max-mult="*"></relation>
			<relation id="oid(2,25)" name="id(2,sequence5_t)" type="id(1,target)" source="id(2,Sequence5)" target="id(2,FinalTask)" min-mult="0" max-mult="*"></relation>
			<relation id="oid(2,26)" name="id(2,sequence1_t)" type="id(1,target)" source="id(2,Sequence1)" target="id(2,ReceiveClaim)" min-mult="0" max-mult="*"></relation>
			<relation id="oid(2,27)" name="id(2,claimassessor_executes)" type="id(1,executes)" source="id(2,ClaimAssessor)" target="id(2,AssesClaim)" min-mult="0" max-mult="*"></relation>
			<relation id="oid(2,28)" name="id(2,claimhandling_contains2)" type="id(1,contains)" source="id(2,ClaimHandling)" target="id(2,AssesClaim)" min-mult="0" max-mult="*"></relation>
			<relation id="oid(2,29)" name="id(2,sequence3_s)" type="id(1,source)" source="id(2,Sequence3)" target="id(2,AssesClaim)" min-mult="0" max-mult="*"></relation>
			<relation id="oid(2,30)" name="id(2,sequence2_t)" type="id(1,target)" source="id(2,Sequence2)" target="id(2,AssesClaim)" min-mult="0" max-mult="*"></relation>
			<relation id="oid(2,31)" name="id(2,sequence5_s)" type="id(1,source)" source="id(2,Sequence5)" target="id(2,PayPremium)" min-mult="0" max-mult="*"></relation>
			<relation id="oid(2,32)" name="id(2,sequence2_s)" type="id(1,source)" source="id(2,Sequence2)" target="id(2,ReceiveClaim)" min-mult="0" max-mult="*"></relation>
			<relation id="oid(2,33)" name="id(2,sequence4_t)" type="id(1,target)" source="id(2,Sequence4)" target="id(2,PayPremium)" min-mult="0" max-mult="*"></relation>
			<relation id="oid(2,34)" name="id(2,sequence1_s)" type="id(1,source)" source="id(2,Sequence1)" target="id(2,InitialTask)" min-mult="0" max-mult="*"></relation>
			<relation id="oid(2,35)" name="id(2,claimhandling_contains4)" type="id(1,contains)" source="id(2,ClaimHandling)" target="id(2,PayPremium)" min-mult="0" max-mult="*"></relation>
			<relation id="oid(2,36)" name="id(2,claimhandling_contains3)" type="id(1,contains)" source="id(2,ClaimHandling)" target="id(2,AuthorizePayment)" min-mult="0" max-mult="*"></relation>
			<relation id="oid(2,37)" name="id(2,sequence4_s)" type="id(1,source)" source="id(2,Sequence4)" target="id(2,AuthorizePayment)" min-mult="0" max-mult="*"></relation>
			<relation id="oid(2,38)" name="id(2,sequence3_t)" type="id(1,target)" source="id(2,Sequence3)" target="id(2,AuthorizePayment)" min-mult="0" max-mult="*"></relation>
			<relation id="oid(2,39)" name="id(2,claimhandling_contains1)" type="id(1,contains)" source="id(2,ClaimHandling)" target="id(2,ReceiveClaim)" min-mult="0" max-mult="*"></relation>
			<relation id="oid(2,40)" name="id(2,chmanager_executes)" type="id(1,executes)" source="id(2,ClaimHandlingManager)" target="id(2,AuthorizePayment)" min-mult="0" max-mult="*"></relation>
			<relation id="oid(2,41)" name="id(2,claimhandling_finaltask)" type="id(1,finalTask)" source="id(2,ClaimHandling)" target="id(2,FinalTask)" min-mult="0" max-mult="*"></relation>
			<relation id="oid(2,42)" name="id(2,assessclaim_uses)" type="id(1,uses)" source="id(2,AssesClaim)" target="id(2,Claim)" min-mult="0" max-mult="*"></relation>
		</rels>
	</model>
	<model level="3" name="xsure-execution-step4" om="xsure-insurance-process">
		<elts>
			<node id="oid(3,102)" name="id(3,102)" type="id(2,PayPremium)" >
			</node>
		</elts>
		<rels>
		</rels>
	</model>
	<counter id="counter" value="106" ></counter>
</system>